area,cell_label,file,mean_int,rbs,var_int
377.0,1.0,../../data/images/20170714_sd4_pre_5ulmin_0.018hz_shock/SD4_5ulmin_pre_2_MMStack_Pos13.ome.tif,5640.342428226735,sd1,195061.9653200119
497.0,2.0,../../data/images/20170714_sd4_pre_5ulmin_0.018hz_shock/SD4_5ulmin_pre_2_MMStack_Pos13.ome.tif,5586.108823101965,sd1,113165.02144286405
287.0,3.0,../../data/images/20170714_sd4_pre_5ulmin_0.018hz_shock/SD4_5ulmin_pre_2_MMStack_Pos13.ome.tif,5654.410077967392,sd1,133622.0304492883
271.0,4.0,../../data/images/20170714_sd4_pre_5ulmin_0.018hz_shock/SD4_5ulmin_pre_2_MMStack_Pos13.ome.tif,6062.167341606968,sd1,259161.34958262468
1070.0,5.0,../../data/images/20170714_sd4_pre_5ulmin_0.018hz_shock/SD4_5ulmin_pre_2_MMStack_Pos13.ome.tif,6323.33907619901,sd1,380753.57766431
403.0,6.0,../../data/images/20170714_sd4_pre_5ulmin_0.018hz_shock/SD4_5ulmin_pre_2_MMStack_Pos13.ome.tif,6040.478654652365,sd1,379143.1441518648
377.0,1.0,../../data/images/20170714_sd4_pre_5ulmin_0.018hz_shock/SD4_5ulmin_pre_2_MMStack_Pos0.ome.tif,4686.778596004123,sd1,41475.73029415288
497.0,2.0,../../data/images/20170714_sd4_pre_5ulmin_0.018hz_shock/SD4_5ulmin_pre_2_MMStack_Pos0.ome.tif,4675.80809480074,sd1,45648.31607014512
287.0,3.0,../../data/images/20170714_sd4_pre_5ulmin_0.018hz_shock/SD4_5ulmin_pre_2_MMStack_Pos0.ome.tif,4704.961842268662,sd1,38225.88071539867
271.0,4.0,../../data/images/20170714_sd4_pre_5ulmin_0.018hz_shock/SD4_5ulmin_pre_2_MMStack_Pos0.ome.tif,4669.749715887783,sd1,42260.64048493536
1070.0,5.0,../../data/images/20170714_sd4_pre_5ulmin_0.018hz_shock/SD4_5ulmin_pre_2_MMStack_Pos0.ome.tif,4644.688303558604,sd1,45551.08548426475
403.0,6.0,../../data/images/20170714_sd4_pre_5ulmin_0.018hz_shock/SD4_5ulmin_pre_2_MMStack_Pos0.ome.tif,5030.658769408259,sd1,176798.68981398694
377.0,1.0,../../data/images/20170714_sd4_pre_5ulmin_0.018hz_shock/SD4_5ulmin_pre_2_MMStack_Pos9.ome.tif,4741.4411109604225,sd1,55554.84983763952
497.0,2.0,../../data/images/20170714_sd4_pre_5ulmin_0.018hz_shock/SD4_5ulmin_pre_2_MMStack_Pos9.ome.tif,4697.74998570341,sd1,44776.83768460535
287.0,3.0,../../data/images/20170714_sd4_pre_5ulmin_0.018hz_shock/SD4_5ulmin_pre_2_MMStack_Pos9.ome.tif,4661.649544333329,sd1,42599.617798762585
271.0,4.0,../../data/images/20170714_sd4_pre_5ulmin_0.018hz_shock/SD4_5ulmin_pre_2_MMStack_Pos9.ome.tif,4664.667630450977,sd1,35898.4248370604
1070.0,5.0,../../data/images/20170714_sd4_pre_5ulmin_0.018hz_shock/SD4_5ulmin_pre_2_MMStack_Pos9.ome.tif,4679.037017821628,sd1,41604.39500034715
403.0,6.0,../../data/images/20170714_sd4_pre_5ulmin_0.018hz_shock/SD4_5ulmin_pre_2_MMStack_Pos9.ome.tif,4622.823073077468,sd1,45118.975748769626
377.0,1.0,../../data/images/20170714_sd4_pre_5ulmin_0.018hz_shock/SD4_5ulmin_pre_2_MMStack_Pos8.ome.tif,4736.3067345559275,sd1,43843.8062145163
497.0,2.0,../../data/images/20170714_sd4_pre_5ulmin_0.018hz_shock/SD4_5ulmin_pre_2_MMStack_Pos8.ome.tif,4736.309639614683,sd1,45807.55355524451
287.0,3.0,../../data/images/20170714_sd4_pre_5ulmin_0.018hz_shock/SD4_5ulmin_pre_2_MMStack_Pos8.ome.tif,4695.914462419051,sd1,46387.2876945652
271.0,4.0,../../data/images/20170714_sd4_pre_5ulmin_0.018hz_shock/SD4_5ulmin_pre_2_MMStack_Pos8.ome.tif,4744.3517695523615,sd1,42969.43107325145
1070.0,5.0,../../data/images/20170714_sd4_pre_5ulmin_0.018hz_shock/SD4_5ulmin_pre_2_MMStack_Pos8.ome.tif,4683.075372993289,sd1,41926.06873478554
403.0,6.0,../../data/images/20170714_sd4_pre_5ulmin_0.018hz_shock/SD4_5ulmin_pre_2_MMStack_Pos8.ome.tif,4733.8630467289795,sd1,47858.17618113721
377.0,1.0,../../data/images/20170714_sd4_pre_5ulmin_0.018hz_shock/SD4_5ulmin_pre_2_MMStack_Pos1.ome.tif,4604.545462294625,sd1,47723.58136128464
497.0,2.0,../../data/images/20170714_sd4_pre_5ulmin_0.018hz_shock/SD4_5ulmin_pre_2_MMStack_Pos1.ome.tif,4650.699036545425,sd1,44634.958343041675
287.0,3.0,../../data/images/20170714_sd4_pre_5ulmin_0.018hz_shock/SD4_5ulmin_pre_2_MMStack_Pos1.ome.tif,4676.334653179452,sd1,37353.05889909352
271.0,4.0,../../data/images/20170714_sd4_pre_5ulmin_0.018hz_shock/SD4_5ulmin_pre_2_MMStack_Pos1.ome.tif,4680.1384521963955,sd1,48069.780367239895
1070.0,5.0,../../data/images/20170714_sd4_pre_5ulmin_0.018hz_shock/SD4_5ulmin_pre_2_MMStack_Pos1.ome.tif,4746.387179104409,sd1,109736.98300255944
403.0,6.0,../../data/images/20170714_sd4_pre_5ulmin_0.018hz_shock/SD4_5ulmin_pre_2_MMStack_Pos1.ome.tif,4582.536802215854,sd1,35806.27113389228
377.0,1.0,../../data/images/20170714_sd4_pre_5ulmin_0.018hz_shock/SD4_5ulmin_pre_2_MMStack_Pos12.ome.tif,4792.9171085656835,sd1,41964.86440702225
497.0,2.0,../../data/images/20170714_sd4_pre_5ulmin_0.018hz_shock/SD4_5ulmin_pre_2_MMStack_Pos12.ome.tif,4767.543420221606,sd1,39773.62144970171
287.0,3.0,../../data/images/20170714_sd4_pre_5ulmin_0.018hz_shock/SD4_5ulmin_pre_2_MMStack_Pos12.ome.tif,5152.266725154251,sd1,554533.1546187111
271.0,4.0,../../data/images/20170714_sd4_pre_5ulmin_0.018hz_shock/SD4_5ulmin_pre_2_MMStack_Pos12.ome.tif,4749.133936577454,sd1,43462.506037480896
1070.0,5.0,../../data/images/20170714_sd4_pre_5ulmin_0.018hz_shock/SD4_5ulmin_pre_2_MMStack_Pos12.ome.tif,4699.939831100185,sd1,40578.22870293256
403.0,6.0,../../data/images/20170714_sd4_pre_5ulmin_0.018hz_shock/SD4_5ulmin_pre_2_MMStack_Pos12.ome.tif,4706.051070821983,sd1,40976.3638584882
377.0,1.0,../../data/images/20170714_sd4_pre_5ulmin_0.018hz_shock/SD4_5ulmin_pre_2_MMStack_Pos19.ome.tif,4743.966339531866,sd1,46114.57960834028
497.0,2.0,../../data/images/20170714_sd4_pre_5ulmin_0.018hz_shock/SD4_5ulmin_pre_2_MMStack_Pos19.ome.tif,4743.665367842901,sd1,56884.38054172405
287.0,3.0,../../data/images/20170714_sd4_pre_5ulmin_0.018hz_shock/SD4_5ulmin_pre_2_MMStack_Pos19.ome.tif,4713.051682202074,sd1,42372.619082666
271.0,4.0,../../data/images/20170714_sd4_pre_5ulmin_0.018hz_shock/SD4_5ulmin_pre_2_MMStack_Pos19.ome.tif,4735.925259679341,sd1,34390.15878366714
1070.0,5.0,../../data/images/20170714_sd4_pre_5ulmin_0.018hz_shock/SD4_5ulmin_pre_2_MMStack_Pos19.ome.tif,4685.694022988363,sd1,42641.912854624214
403.0,6.0,../../data/images/20170714_sd4_pre_5ulmin_0.018hz_shock/SD4_5ulmin_pre_2_MMStack_Pos19.ome.tif,4657.715929885305,sd1,48093.452754146674
377.0,1.0,../../data/images/20170714_sd4_pre_5ulmin_0.018hz_shock/SD4_5ulmin_pre_2_MMStack_Pos3.ome.tif,4377.840591226943,sd1,48431.63448699906
497.0,2.0,../../data/images/20170714_sd4_pre_5ulmin_0.018hz_shock/SD4_5ulmin_pre_2_MMStack_Pos3.ome.tif,4375.428067406284,sd1,44116.330290504535
287.0,3.0,../../data/images/20170714_sd4_pre_5ulmin_0.018hz_shock/SD4_5ulmin_pre_2_MMStack_Pos3.ome.tif,4529.723330797412,sd1,45962.109865010956
271.0,4.0,../../data/images/20170714_sd4_pre_5ulmin_0.018hz_shock/SD4_5ulmin_pre_2_MMStack_Pos3.ome.tif,4517.331035272678,sd1,38185.08492296092
1070.0,5.0,../../data/images/20170714_sd4_pre_5ulmin_0.018hz_shock/SD4_5ulmin_pre_2_MMStack_Pos3.ome.tif,4552.800296473535,sd1,42279.0109301571
403.0,6.0,../../data/images/20170714_sd4_pre_5ulmin_0.018hz_shock/SD4_5ulmin_pre_2_MMStack_Pos3.ome.tif,4444.624542944754,sd1,33444.38490861719
377.0,1.0,../../data/images/20170714_sd4_pre_5ulmin_0.018hz_shock/SD4_5ulmin_pre_2_MMStack_Pos10.ome.tif,4837.222342928992,sd1,44205.25233013976
497.0,2.0,../../data/images/20170714_sd4_pre_5ulmin_0.018hz_shock/SD4_5ulmin_pre_2_MMStack_Pos10.ome.tif,4796.720572787337,sd1,46237.13048279157
287.0,3.0,../../data/images/20170714_sd4_pre_5ulmin_0.018hz_shock/SD4_5ulmin_pre_2_MMStack_Pos10.ome.tif,4795.785716919876,sd1,47197.896690053014
271.0,4.0,../../data/images/20170714_sd4_pre_5ulmin_0.018hz_shock/SD4_5ulmin_pre_2_MMStack_Pos10.ome.tif,4803.4686423456515,sd1,36327.573746473514
1070.0,5.0,../../data/images/20170714_sd4_pre_5ulmin_0.018hz_shock/SD4_5ulmin_pre_2_MMStack_Pos10.ome.tif,4710.069388907266,sd1,42742.0539108999
403.0,6.0,../../data/images/20170714_sd4_pre_5ulmin_0.018hz_shock/SD4_5ulmin_pre_2_MMStack_Pos10.ome.tif,4826.584408960561,sd1,48246.26297593339
377.0,1.0,../../data/images/20170714_sd4_pre_5ulmin_0.018hz_shock/SD4_5ulmin_pre_2_MMStack_Pos11.ome.tif,4758.1571170272055,sd1,60153.8206664953
497.0,2.0,../../data/images/20170714_sd4_pre_5ulmin_0.018hz_shock/SD4_5ulmin_pre_2_MMStack_Pos11.ome.tif,4735.694609767289,sd1,52189.89951171891
287.0,3.0,../../data/images/20170714_sd4_pre_5ulmin_0.018hz_shock/SD4_5ulmin_pre_2_MMStack_Pos11.ome.tif,4736.4629980581485,sd1,41231.386893641116
271.0,4.0,../../data/images/20170714_sd4_pre_5ulmin_0.018hz_shock/SD4_5ulmin_pre_2_MMStack_Pos11.ome.tif,4747.849604816204,sd1,47070.25193490517
1070.0,5.0,../../data/images/20170714_sd4_pre_5ulmin_0.018hz_shock/SD4_5ulmin_pre_2_MMStack_Pos11.ome.tif,4722.395765904087,sd1,41105.9491126301
403.0,6.0,../../data/images/20170714_sd4_pre_5ulmin_0.018hz_shock/SD4_5ulmin_pre_2_MMStack_Pos11.ome.tif,4680.241837249691,sd1,45144.919759965145
377.0,1.0,../../data/images/20170714_sd4_pre_5ulmin_0.018hz_shock/SD4_5ulmin_pre_2_MMStack_Pos2.ome.tif,4461.4447559087785,sd1,47135.85957071979
497.0,2.0,../../data/images/20170714_sd4_pre_5ulmin_0.018hz_shock/SD4_5ulmin_pre_2_MMStack_Pos2.ome.tif,4498.972300512681,sd1,46749.97889754771
287.0,3.0,../../data/images/20170714_sd4_pre_5ulmin_0.018hz_shock/SD4_5ulmin_pre_2_MMStack_Pos2.ome.tif,4568.509753957366,sd1,49577.85820739575
271.0,4.0,../../data/images/20170714_sd4_pre_5ulmin_0.018hz_shock/SD4_5ulmin_pre_2_MMStack_Pos2.ome.tif,4521.383317548928,sd1,31394.458333165883
1070.0,5.0,../../data/images/20170714_sd4_pre_5ulmin_0.018hz_shock/SD4_5ulmin_pre_2_MMStack_Pos2.ome.tif,4546.0881209908375,sd1,38471.81122279758
403.0,6.0,../../data/images/20170714_sd4_pre_5ulmin_0.018hz_shock/SD4_5ulmin_pre_2_MMStack_Pos2.ome.tif,4463.43718960762,sd1,50132.281841050244
377.0,1.0,../../data/images/20170714_sd4_pre_5ulmin_0.018hz_shock/SD4_5ulmin_pre_2_MMStack_Pos18.ome.tif,4638.940299670866,sd1,56091.22770341191
497.0,2.0,../../data/images/20170714_sd4_pre_5ulmin_0.018hz_shock/SD4_5ulmin_pre_2_MMStack_Pos18.ome.tif,4644.9477143217355,sd1,42155.455854266336
287.0,3.0,../../data/images/20170714_sd4_pre_5ulmin_0.018hz_shock/SD4_5ulmin_pre_2_MMStack_Pos18.ome.tif,4668.296758277054,sd1,40210.228284303135
271.0,4.0,../../data/images/20170714_sd4_pre_5ulmin_0.018hz_shock/SD4_5ulmin_pre_2_MMStack_Pos18.ome.tif,4688.94180676599,sd1,40282.943206950484
1070.0,5.0,../../data/images/20170714_sd4_pre_5ulmin_0.018hz_shock/SD4_5ulmin_pre_2_MMStack_Pos18.ome.tif,4648.423869498017,sd1,41115.32864147205
403.0,6.0,../../data/images/20170714_sd4_pre_5ulmin_0.018hz_shock/SD4_5ulmin_pre_2_MMStack_Pos18.ome.tif,4550.21410492658,sd1,44442.390899676524
377.0,1.0,../../data/images/20170714_sd4_pre_5ulmin_0.018hz_shock/SD4_5ulmin_pre_2_MMStack_Pos14.ome.tif,4841.2963373755565,sd1,55170.07122390324
497.0,2.0,../../data/images/20170714_sd4_pre_5ulmin_0.018hz_shock/SD4_5ulmin_pre_2_MMStack_Pos14.ome.tif,5011.178639839018,sd1,241995.86229659888
287.0,3.0,../../data/images/20170714_sd4_pre_5ulmin_0.018hz_shock/SD4_5ulmin_pre_2_MMStack_Pos14.ome.tif,4699.653904242797,sd1,48352.39441350937
271.0,4.0,../../data/images/20170714_sd4_pre_5ulmin_0.018hz_shock/SD4_5ulmin_pre_2_MMStack_Pos14.ome.tif,4740.198340959974,sd1,43313.17697594329
1070.0,5.0,../../data/images/20170714_sd4_pre_5ulmin_0.018hz_shock/SD4_5ulmin_pre_2_MMStack_Pos14.ome.tif,4716.5548734,sd1,41325.20132673802
403.0,6.0,../../data/images/20170714_sd4_pre_5ulmin_0.018hz_shock/SD4_5ulmin_pre_2_MMStack_Pos14.ome.tif,4674.443543387307,sd1,42056.22260152257
377.0,1.0,../../data/images/20170714_sd4_pre_5ulmin_0.018hz_shock/SD4_5ulmin_pre_2_MMStack_Pos7.ome.tif,4662.370341731209,sd1,46284.14157739351
497.0,2.0,../../data/images/20170714_sd4_pre_5ulmin_0.018hz_shock/SD4_5ulmin_pre_2_MMStack_Pos7.ome.tif,4684.415959311009,sd1,40589.99452241927
287.0,3.0,../../data/images/20170714_sd4_pre_5ulmin_0.018hz_shock/SD4_5ulmin_pre_2_MMStack_Pos7.ome.tif,4692.753099589599,sd1,47196.76553406725
271.0,4.0,../../data/images/20170714_sd4_pre_5ulmin_0.018hz_shock/SD4_5ulmin_pre_2_MMStack_Pos7.ome.tif,4711.265492853805,sd1,30618.67551025274
1070.0,5.0,../../data/images/20170714_sd4_pre_5ulmin_0.018hz_shock/SD4_5ulmin_pre_2_MMStack_Pos7.ome.tif,4656.471488464107,sd1,44816.846539134065
403.0,6.0,../../data/images/20170714_sd4_pre_5ulmin_0.018hz_shock/SD4_5ulmin_pre_2_MMStack_Pos7.ome.tif,4641.633922367937,sd1,46472.359290319844
377.0,1.0,../../data/images/20170714_sd4_pre_5ulmin_0.018hz_shock/SD4_5ulmin_pre_2_MMStack_Pos6.ome.tif,4767.540375025633,sd1,41706.24203436836
497.0,2.0,../../data/images/20170714_sd4_pre_5ulmin_0.018hz_shock/SD4_5ulmin_pre_2_MMStack_Pos6.ome.tif,4845.8750883330595,sd1,119265.69845980313
287.0,3.0,../../data/images/20170714_sd4_pre_5ulmin_0.018hz_shock/SD4_5ulmin_pre_2_MMStack_Pos6.ome.tif,4594.354679821932,sd1,31359.491512453773
271.0,4.0,../../data/images/20170714_sd4_pre_5ulmin_0.018hz_shock/SD4_5ulmin_pre_2_MMStack_Pos6.ome.tif,4657.302076163006,sd1,33474.04892372623
1070.0,5.0,../../data/images/20170714_sd4_pre_5ulmin_0.018hz_shock/SD4_5ulmin_pre_2_MMStack_Pos6.ome.tif,4613.695455770767,sd1,41977.06948991865
403.0,6.0,../../data/images/20170714_sd4_pre_5ulmin_0.018hz_shock/SD4_5ulmin_pre_2_MMStack_Pos6.ome.tif,4665.185522751432,sd1,42377.829281966595
377.0,1.0,../../data/images/20170714_sd4_pre_5ulmin_0.018hz_shock/SD4_5ulmin_pre_2_MMStack_Pos15.ome.tif,4714.580179033094,sd1,44563.836693259465
497.0,2.0,../../data/images/20170714_sd4_pre_5ulmin_0.018hz_shock/SD4_5ulmin_pre_2_MMStack_Pos15.ome.tif,4701.904405902175,sd1,42678.73456494903
287.0,3.0,../../data/images/20170714_sd4_pre_5ulmin_0.018hz_shock/SD4_5ulmin_pre_2_MMStack_Pos15.ome.tif,4636.0403786333645,sd1,53907.5239877383
271.0,4.0,../../data/images/20170714_sd4_pre_5ulmin_0.018hz_shock/SD4_5ulmin_pre_2_MMStack_Pos15.ome.tif,4684.155446552237,sd1,32681.230570058142
1070.0,5.0,../../data/images/20170714_sd4_pre_5ulmin_0.018hz_shock/SD4_5ulmin_pre_2_MMStack_Pos15.ome.tif,4689.6534612956075,sd1,62819.40874792384
403.0,6.0,../../data/images/20170714_sd4_pre_5ulmin_0.018hz_shock/SD4_5ulmin_pre_2_MMStack_Pos15.ome.tif,4735.676562663857,sd1,49975.33353148654
377.0,1.0,../../data/images/20170714_sd4_pre_5ulmin_0.018hz_shock/SD4_5ulmin_pre_2_MMStack_Pos4.ome.tif,4539.453010586934,sd1,42992.70922392097
497.0,2.0,../../data/images/20170714_sd4_pre_5ulmin_0.018hz_shock/SD4_5ulmin_pre_2_MMStack_Pos4.ome.tif,4480.008584337547,sd1,48313.78864706644
287.0,3.0,../../data/images/20170714_sd4_pre_5ulmin_0.018hz_shock/SD4_5ulmin_pre_2_MMStack_Pos4.ome.tif,4383.31291423567,sd1,37097.8462972792
271.0,4.0,../../data/images/20170714_sd4_pre_5ulmin_0.018hz_shock/SD4_5ulmin_pre_2_MMStack_Pos4.ome.tif,4468.470589813564,sd1,38626.01761706271
1070.0,5.0,../../data/images/20170714_sd4_pre_5ulmin_0.018hz_shock/SD4_5ulmin_pre_2_MMStack_Pos4.ome.tif,4498.190238380333,sd1,46981.67997285623
403.0,6.0,../../data/images/20170714_sd4_pre_5ulmin_0.018hz_shock/SD4_5ulmin_pre_2_MMStack_Pos4.ome.tif,4501.735921170736,sd1,37105.680322504086
377.0,1.0,../../data/images/20170714_sd4_pre_5ulmin_0.018hz_shock/SD4_5ulmin_pre_2_MMStack_Pos17.ome.tif,4589.315809217931,sd1,39251.384399143244
497.0,2.0,../../data/images/20170714_sd4_pre_5ulmin_0.018hz_shock/SD4_5ulmin_pre_2_MMStack_Pos17.ome.tif,4562.841530736431,sd1,35730.34936699231
287.0,3.0,../../data/images/20170714_sd4_pre_5ulmin_0.018hz_shock/SD4_5ulmin_pre_2_MMStack_Pos17.ome.tif,4598.06374742209,sd1,38942.757931991684
271.0,4.0,../../data/images/20170714_sd4_pre_5ulmin_0.018hz_shock/SD4_5ulmin_pre_2_MMStack_Pos17.ome.tif,4655.502223308811,sd1,34850.38263798618
1070.0,5.0,../../data/images/20170714_sd4_pre_5ulmin_0.018hz_shock/SD4_5ulmin_pre_2_MMStack_Pos17.ome.tif,4912.934405031414,sd1,285448.52361784485
403.0,6.0,../../data/images/20170714_sd4_pre_5ulmin_0.018hz_shock/SD4_5ulmin_pre_2_MMStack_Pos17.ome.tif,4707.08018730124,sd1,56843.54529556908
377.0,1.0,../../data/images/20170714_sd4_pre_5ulmin_0.018hz_shock/SD4_5ulmin_pre_2_MMStack_Pos16.ome.tif,4108.735420159414,sd1,43083.68689412425
497.0,2.0,../../data/images/20170714_sd4_pre_5ulmin_0.018hz_shock/SD4_5ulmin_pre_2_MMStack_Pos16.ome.tif,3780.3029606702185,sd1,37783.544718202684
287.0,3.0,../../data/images/20170714_sd4_pre_5ulmin_0.018hz_shock/SD4_5ulmin_pre_2_MMStack_Pos16.ome.tif,4410.757470650415,sd1,37417.060345744605
271.0,4.0,../../data/images/20170714_sd4_pre_5ulmin_0.018hz_shock/SD4_5ulmin_pre_2_MMStack_Pos16.ome.tif,3729.688695536254,sd1,43744.66470082048
1070.0,5.0,../../data/images/20170714_sd4_pre_5ulmin_0.018hz_shock/SD4_5ulmin_pre_2_MMStack_Pos16.ome.tif,4362.083343980487,sd1,42377.88454384162
403.0,6.0,../../data/images/20170714_sd4_pre_5ulmin_0.018hz_shock/SD4_5ulmin_pre_2_MMStack_Pos16.ome.tif,4380.165741553332,sd1,171204.28978205714
377.0,1.0,../../data/images/20170714_sd4_pre_5ulmin_0.018hz_shock/SD4_5ulmin_pre_2_MMStack_Pos5.ome.tif,3998.2787470988346,sd1,44708.25902542488
497.0,2.0,../../data/images/20170714_sd4_pre_5ulmin_0.018hz_shock/SD4_5ulmin_pre_2_MMStack_Pos5.ome.tif,4037.3641758072904,sd1,50436.54098679465
287.0,3.0,../../data/images/20170714_sd4_pre_5ulmin_0.018hz_shock/SD4_5ulmin_pre_2_MMStack_Pos5.ome.tif,4229.837675625965,sd1,37708.08240528642
271.0,4.0,../../data/images/20170714_sd4_pre_5ulmin_0.018hz_shock/SD4_5ulmin_pre_2_MMStack_Pos5.ome.tif,3863.149225635156,sd1,49972.64040181654
1070.0,5.0,../../data/images/20170714_sd4_pre_5ulmin_0.018hz_shock/SD4_5ulmin_pre_2_MMStack_Pos5.ome.tif,3938.076167307009,sd1,72373.97383640625
403.0,6.0,../../data/images/20170714_sd4_pre_5ulmin_0.018hz_shock/SD4_5ulmin_pre_2_MMStack_Pos5.ome.tif,4416.087143383622,sd1,45939.67135028644
377.0,1.0,../../data/images/20170714_sd4_pre_5ulmin_0.018hz_shock/SD4_5ulmin_pre_2_MMStack_Pos13.ome.tif,5640.342428226735,sd4,195061.9653200119
497.0,2.0,../../data/images/20170714_sd4_pre_5ulmin_0.018hz_shock/SD4_5ulmin_pre_2_MMStack_Pos13.ome.tif,5586.108823101965,sd4,113165.02144286405
287.0,3.0,../../data/images/20170714_sd4_pre_5ulmin_0.018hz_shock/SD4_5ulmin_pre_2_MMStack_Pos13.ome.tif,5654.410077967392,sd4,133622.0304492883
271.0,4.0,../../data/images/20170714_sd4_pre_5ulmin_0.018hz_shock/SD4_5ulmin_pre_2_MMStack_Pos13.ome.tif,6062.167341606968,sd4,259161.34958262468
1070.0,5.0,../../data/images/20170714_sd4_pre_5ulmin_0.018hz_shock/SD4_5ulmin_pre_2_MMStack_Pos13.ome.tif,6323.33907619901,sd4,380753.57766431
403.0,6.0,../../data/images/20170714_sd4_pre_5ulmin_0.018hz_shock/SD4_5ulmin_pre_2_MMStack_Pos13.ome.tif,6040.478654652365,sd4,379143.1441518648
377.0,1.0,../../data/images/20170714_sd4_pre_5ulmin_0.018hz_shock/SD4_5ulmin_pre_2_MMStack_Pos0.ome.tif,4686.778596004123,sd4,41475.73029415288
497.0,2.0,../../data/images/20170714_sd4_pre_5ulmin_0.018hz_shock/SD4_5ulmin_pre_2_MMStack_Pos0.ome.tif,4675.80809480074,sd4,45648.31607014512
287.0,3.0,../../data/images/20170714_sd4_pre_5ulmin_0.018hz_shock/SD4_5ulmin_pre_2_MMStack_Pos0.ome.tif,4704.961842268662,sd4,38225.88071539867
271.0,4.0,../../data/images/20170714_sd4_pre_5ulmin_0.018hz_shock/SD4_5ulmin_pre_2_MMStack_Pos0.ome.tif,4669.749715887783,sd4,42260.64048493536
1070.0,5.0,../../data/images/20170714_sd4_pre_5ulmin_0.018hz_shock/SD4_5ulmin_pre_2_MMStack_Pos0.ome.tif,4644.688303558604,sd4,45551.08548426475
403.0,6.0,../../data/images/20170714_sd4_pre_5ulmin_0.018hz_shock/SD4_5ulmin_pre_2_MMStack_Pos0.ome.tif,5030.658769408259,sd4,176798.68981398694
377.0,1.0,../../data/images/20170714_sd4_pre_5ulmin_0.018hz_shock/SD4_5ulmin_pre_2_MMStack_Pos9.ome.tif,4741.4411109604225,sd4,55554.84983763952
497.0,2.0,../../data/images/20170714_sd4_pre_5ulmin_0.018hz_shock/SD4_5ulmin_pre_2_MMStack_Pos9.ome.tif,4697.74998570341,sd4,44776.83768460535
287.0,3.0,../../data/images/20170714_sd4_pre_5ulmin_0.018hz_shock/SD4_5ulmin_pre_2_MMStack_Pos9.ome.tif,4661.649544333329,sd4,42599.617798762585
271.0,4.0,../../data/images/20170714_sd4_pre_5ulmin_0.018hz_shock/SD4_5ulmin_pre_2_MMStack_Pos9.ome.tif,4664.667630450977,sd4,35898.4248370604
1070.0,5.0,../../data/images/20170714_sd4_pre_5ulmin_0.018hz_shock/SD4_5ulmin_pre_2_MMStack_Pos9.ome.tif,4679.037017821628,sd4,41604.39500034715
403.0,6.0,../../data/images/20170714_sd4_pre_5ulmin_0.018hz_shock/SD4_5ulmin_pre_2_MMStack_Pos9.ome.tif,4622.823073077468,sd4,45118.975748769626
377.0,1.0,../../data/images/20170714_sd4_pre_5ulmin_0.018hz_shock/SD4_5ulmin_pre_2_MMStack_Pos8.ome.tif,4736.3067345559275,sd4,43843.8062145163
497.0,2.0,../../data/images/20170714_sd4_pre_5ulmin_0.018hz_shock/SD4_5ulmin_pre_2_MMStack_Pos8.ome.tif,4736.309639614683,sd4,45807.55355524451
287.0,3.0,../../data/images/20170714_sd4_pre_5ulmin_0.018hz_shock/SD4_5ulmin_pre_2_MMStack_Pos8.ome.tif,4695.914462419051,sd4,46387.2876945652
271.0,4.0,../../data/images/20170714_sd4_pre_5ulmin_0.018hz_shock/SD4_5ulmin_pre_2_MMStack_Pos8.ome.tif,4744.3517695523615,sd4,42969.43107325145
1070.0,5.0,../../data/images/20170714_sd4_pre_5ulmin_0.018hz_shock/SD4_5ulmin_pre_2_MMStack_Pos8.ome.tif,4683.075372993289,sd4,41926.06873478554
403.0,6.0,../../data/images/20170714_sd4_pre_5ulmin_0.018hz_shock/SD4_5ulmin_pre_2_MMStack_Pos8.ome.tif,4733.8630467289795,sd4,47858.17618113721
377.0,1.0,../../data/images/20170714_sd4_pre_5ulmin_0.018hz_shock/SD4_5ulmin_pre_2_MMStack_Pos1.ome.tif,4604.545462294625,sd4,47723.58136128464
497.0,2.0,../../data/images/20170714_sd4_pre_5ulmin_0.018hz_shock/SD4_5ulmin_pre_2_MMStack_Pos1.ome.tif,4650.699036545425,sd4,44634.958343041675
287.0,3.0,../../data/images/20170714_sd4_pre_5ulmin_0.018hz_shock/SD4_5ulmin_pre_2_MMStack_Pos1.ome.tif,4676.334653179452,sd4,37353.05889909352
271.0,4.0,../../data/images/20170714_sd4_pre_5ulmin_0.018hz_shock/SD4_5ulmin_pre_2_MMStack_Pos1.ome.tif,4680.1384521963955,sd4,48069.780367239895
1070.0,5.0,../../data/images/20170714_sd4_pre_5ulmin_0.018hz_shock/SD4_5ulmin_pre_2_MMStack_Pos1.ome.tif,4746.387179104409,sd4,109736.98300255944
403.0,6.0,../../data/images/20170714_sd4_pre_5ulmin_0.018hz_shock/SD4_5ulmin_pre_2_MMStack_Pos1.ome.tif,4582.536802215854,sd4,35806.27113389228
377.0,1.0,../../data/images/20170714_sd4_pre_5ulmin_0.018hz_shock/SD4_5ulmin_pre_2_MMStack_Pos12.ome.tif,4792.9171085656835,sd4,41964.86440702225
497.0,2.0,../../data/images/20170714_sd4_pre_5ulmin_0.018hz_shock/SD4_5ulmin_pre_2_MMStack_Pos12.ome.tif,4767.543420221606,sd4,39773.62144970171
287.0,3.0,../../data/images/20170714_sd4_pre_5ulmin_0.018hz_shock/SD4_5ulmin_pre_2_MMStack_Pos12.ome.tif,5152.266725154251,sd4,554533.1546187111
271.0,4.0,../../data/images/20170714_sd4_pre_5ulmin_0.018hz_shock/SD4_5ulmin_pre_2_MMStack_Pos12.ome.tif,4749.133936577454,sd4,43462.506037480896
1070.0,5.0,../../data/images/20170714_sd4_pre_5ulmin_0.018hz_shock/SD4_5ulmin_pre_2_MMStack_Pos12.ome.tif,4699.939831100185,sd4,40578.22870293256
403.0,6.0,../../data/images/20170714_sd4_pre_5ulmin_0.018hz_shock/SD4_5ulmin_pre_2_MMStack_Pos12.ome.tif,4706.051070821983,sd4,40976.3638584882
377.0,1.0,../../data/images/20170714_sd4_pre_5ulmin_0.018hz_shock/SD4_5ulmin_pre_2_MMStack_Pos19.ome.tif,4743.966339531866,sd4,46114.57960834028
497.0,2.0,../../data/images/20170714_sd4_pre_5ulmin_0.018hz_shock/SD4_5ulmin_pre_2_MMStack_Pos19.ome.tif,4743.665367842901,sd4,56884.38054172405
287.0,3.0,../../data/images/20170714_sd4_pre_5ulmin_0.018hz_shock/SD4_5ulmin_pre_2_MMStack_Pos19.ome.tif,4713.051682202074,sd4,42372.619082666
271.0,4.0,../../data/images/20170714_sd4_pre_5ulmin_0.018hz_shock/SD4_5ulmin_pre_2_MMStack_Pos19.ome.tif,4735.925259679341,sd4,34390.15878366714
1070.0,5.0,../../data/images/20170714_sd4_pre_5ulmin_0.018hz_shock/SD4_5ulmin_pre_2_MMStack_Pos19.ome.tif,4685.694022988363,sd4,42641.912854624214
403.0,6.0,../../data/images/20170714_sd4_pre_5ulmin_0.018hz_shock/SD4_5ulmin_pre_2_MMStack_Pos19.ome.tif,4657.715929885305,sd4,48093.452754146674
377.0,1.0,../../data/images/20170714_sd4_pre_5ulmin_0.018hz_shock/SD4_5ulmin_pre_2_MMStack_Pos3.ome.tif,4377.840591226943,sd4,48431.63448699906
497.0,2.0,../../data/images/20170714_sd4_pre_5ulmin_0.018hz_shock/SD4_5ulmin_pre_2_MMStack_Pos3.ome.tif,4375.428067406284,sd4,44116.330290504535
287.0,3.0,../../data/images/20170714_sd4_pre_5ulmin_0.018hz_shock/SD4_5ulmin_pre_2_MMStack_Pos3.ome.tif,4529.723330797412,sd4,45962.109865010956
271.0,4.0,../../data/images/20170714_sd4_pre_5ulmin_0.018hz_shock/SD4_5ulmin_pre_2_MMStack_Pos3.ome.tif,4517.331035272678,sd4,38185.08492296092
1070.0,5.0,../../data/images/20170714_sd4_pre_5ulmin_0.018hz_shock/SD4_5ulmin_pre_2_MMStack_Pos3.ome.tif,4552.800296473535,sd4,42279.0109301571
403.0,6.0,../../data/images/20170714_sd4_pre_5ulmin_0.018hz_shock/SD4_5ulmin_pre_2_MMStack_Pos3.ome.tif,4444.624542944754,sd4,33444.38490861719
377.0,1.0,../../data/images/20170714_sd4_pre_5ulmin_0.018hz_shock/SD4_5ulmin_pre_2_MMStack_Pos10.ome.tif,4837.222342928992,sd4,44205.25233013976
497.0,2.0,../../data/images/20170714_sd4_pre_5ulmin_0.018hz_shock/SD4_5ulmin_pre_2_MMStack_Pos10.ome.tif,4796.720572787337,sd4,46237.13048279157
287.0,3.0,../../data/images/20170714_sd4_pre_5ulmin_0.018hz_shock/SD4_5ulmin_pre_2_MMStack_Pos10.ome.tif,4795.785716919876,sd4,47197.896690053014
271.0,4.0,../../data/images/20170714_sd4_pre_5ulmin_0.018hz_shock/SD4_5ulmin_pre_2_MMStack_Pos10.ome.tif,4803.4686423456515,sd4,36327.573746473514
1070.0,5.0,../../data/images/20170714_sd4_pre_5ulmin_0.018hz_shock/SD4_5ulmin_pre_2_MMStack_Pos10.ome.tif,4710.069388907266,sd4,42742.0539108999
403.0,6.0,../../data/images/20170714_sd4_pre_5ulmin_0.018hz_shock/SD4_5ulmin_pre_2_MMStack_Pos10.ome.tif,4826.584408960561,sd4,48246.26297593339
377.0,1.0,../../data/images/20170714_sd4_pre_5ulmin_0.018hz_shock/SD4_5ulmin_pre_2_MMStack_Pos11.ome.tif,4758.1571170272055,sd4,60153.8206664953
497.0,2.0,../../data/images/20170714_sd4_pre_5ulmin_0.018hz_shock/SD4_5ulmin_pre_2_MMStack_Pos11.ome.tif,4735.694609767289,sd4,52189.89951171891
287.0,3.0,../../data/images/20170714_sd4_pre_5ulmin_0.018hz_shock/SD4_5ulmin_pre_2_MMStack_Pos11.ome.tif,4736.4629980581485,sd4,41231.386893641116
271.0,4.0,../../data/images/20170714_sd4_pre_5ulmin_0.018hz_shock/SD4_5ulmin_pre_2_MMStack_Pos11.ome.tif,4747.849604816204,sd4,47070.25193490517
1070.0,5.0,../../data/images/20170714_sd4_pre_5ulmin_0.018hz_shock/SD4_5ulmin_pre_2_MMStack_Pos11.ome.tif,4722.395765904087,sd4,41105.9491126301
403.0,6.0,../../data/images/20170714_sd4_pre_5ulmin_0.018hz_shock/SD4_5ulmin_pre_2_MMStack_Pos11.ome.tif,4680.241837249691,sd4,45144.919759965145
377.0,1.0,../../data/images/20170714_sd4_pre_5ulmin_0.018hz_shock/SD4_5ulmin_pre_2_MMStack_Pos2.ome.tif,4461.4447559087785,sd4,47135.85957071979
497.0,2.0,../../data/images/20170714_sd4_pre_5ulmin_0.018hz_shock/SD4_5ulmin_pre_2_MMStack_Pos2.ome.tif,4498.972300512681,sd4,46749.97889754771
287.0,3.0,../../data/images/20170714_sd4_pre_5ulmin_0.018hz_shock/SD4_5ulmin_pre_2_MMStack_Pos2.ome.tif,4568.509753957366,sd4,49577.85820739575
271.0,4.0,../../data/images/20170714_sd4_pre_5ulmin_0.018hz_shock/SD4_5ulmin_pre_2_MMStack_Pos2.ome.tif,4521.383317548928,sd4,31394.458333165883
1070.0,5.0,../../data/images/20170714_sd4_pre_5ulmin_0.018hz_shock/SD4_5ulmin_pre_2_MMStack_Pos2.ome.tif,4546.0881209908375,sd4,38471.81122279758
403.0,6.0,../../data/images/20170714_sd4_pre_5ulmin_0.018hz_shock/SD4_5ulmin_pre_2_MMStack_Pos2.ome.tif,4463.43718960762,sd4,50132.281841050244
377.0,1.0,../../data/images/20170714_sd4_pre_5ulmin_0.018hz_shock/SD4_5ulmin_pre_2_MMStack_Pos18.ome.tif,4638.940299670866,sd4,56091.22770341191
497.0,2.0,../../data/images/20170714_sd4_pre_5ulmin_0.018hz_shock/SD4_5ulmin_pre_2_MMStack_Pos18.ome.tif,4644.9477143217355,sd4,42155.455854266336
287.0,3.0,../../data/images/20170714_sd4_pre_5ulmin_0.018hz_shock/SD4_5ulmin_pre_2_MMStack_Pos18.ome.tif,4668.296758277054,sd4,40210.228284303135
271.0,4.0,../../data/images/20170714_sd4_pre_5ulmin_0.018hz_shock/SD4_5ulmin_pre_2_MMStack_Pos18.ome.tif,4688.94180676599,sd4,40282.943206950484
1070.0,5.0,../../data/images/20170714_sd4_pre_5ulmin_0.018hz_shock/SD4_5ulmin_pre_2_MMStack_Pos18.ome.tif,4648.423869498017,sd4,41115.32864147205
403.0,6.0,../../data/images/20170714_sd4_pre_5ulmin_0.018hz_shock/SD4_5ulmin_pre_2_MMStack_Pos18.ome.tif,4550.21410492658,sd4,44442.390899676524
377.0,1.0,../../data/images/20170714_sd4_pre_5ulmin_0.018hz_shock/SD4_5ulmin_pre_2_MMStack_Pos14.ome.tif,4841.2963373755565,sd4,55170.07122390324
497.0,2.0,../../data/images/20170714_sd4_pre_5ulmin_0.018hz_shock/SD4_5ulmin_pre_2_MMStack_Pos14.ome.tif,5011.178639839018,sd4,241995.86229659888
287.0,3.0,../../data/images/20170714_sd4_pre_5ulmin_0.018hz_shock/SD4_5ulmin_pre_2_MMStack_Pos14.ome.tif,4699.653904242797,sd4,48352.39441350937
271.0,4.0,../../data/images/20170714_sd4_pre_5ulmin_0.018hz_shock/SD4_5ulmin_pre_2_MMStack_Pos14.ome.tif,4740.198340959974,sd4,43313.17697594329
1070.0,5.0,../../data/images/20170714_sd4_pre_5ulmin_0.018hz_shock/SD4_5ulmin_pre_2_MMStack_Pos14.ome.tif,4716.5548734,sd4,41325.20132673802
403.0,6.0,../../data/images/20170714_sd4_pre_5ulmin_0.018hz_shock/SD4_5ulmin_pre_2_MMStack_Pos14.ome.tif,4674.443543387307,sd4,42056.22260152257
377.0,1.0,../../data/images/20170714_sd4_pre_5ulmin_0.018hz_shock/SD4_5ulmin_pre_2_MMStack_Pos7.ome.tif,4662.370341731209,sd4,46284.14157739351
497.0,2.0,../../data/images/20170714_sd4_pre_5ulmin_0.018hz_shock/SD4_5ulmin_pre_2_MMStack_Pos7.ome.tif,4684.415959311009,sd4,40589.99452241927
287.0,3.0,../../data/images/20170714_sd4_pre_5ulmin_0.018hz_shock/SD4_5ulmin_pre_2_MMStack_Pos7.ome.tif,4692.753099589599,sd4,47196.76553406725
271.0,4.0,../../data/images/20170714_sd4_pre_5ulmin_0.018hz_shock/SD4_5ulmin_pre_2_MMStack_Pos7.ome.tif,4711.265492853805,sd4,30618.67551025274
1070.0,5.0,../../data/images/20170714_sd4_pre_5ulmin_0.018hz_shock/SD4_5ulmin_pre_2_MMStack_Pos7.ome.tif,4656.471488464107,sd4,44816.846539134065
403.0,6.0,../../data/images/20170714_sd4_pre_5ulmin_0.018hz_shock/SD4_5ulmin_pre_2_MMStack_Pos7.ome.tif,4641.633922367937,sd4,46472.359290319844
377.0,1.0,../../data/images/20170714_sd4_pre_5ulmin_0.018hz_shock/SD4_5ulmin_pre_2_MMStack_Pos6.ome.tif,4767.540375025633,sd4,41706.24203436836
497.0,2.0,../../data/images/20170714_sd4_pre_5ulmin_0.018hz_shock/SD4_5ulmin_pre_2_MMStack_Pos6.ome.tif,4845.8750883330595,sd4,119265.69845980313
287.0,3.0,../../data/images/20170714_sd4_pre_5ulmin_0.018hz_shock/SD4_5ulmin_pre_2_MMStack_Pos6.ome.tif,4594.354679821932,sd4,31359.491512453773
271.0,4.0,../../data/images/20170714_sd4_pre_5ulmin_0.018hz_shock/SD4_5ulmin_pre_2_MMStack_Pos6.ome.tif,4657.302076163006,sd4,33474.04892372623
1070.0,5.0,../../data/images/20170714_sd4_pre_5ulmin_0.018hz_shock/SD4_5ulmin_pre_2_MMStack_Pos6.ome.tif,4613.695455770767,sd4,41977.06948991865
403.0,6.0,../../data/images/20170714_sd4_pre_5ulmin_0.018hz_shock/SD4_5ulmin_pre_2_MMStack_Pos6.ome.tif,4665.185522751432,sd4,42377.829281966595
377.0,1.0,../../data/images/20170714_sd4_pre_5ulmin_0.018hz_shock/SD4_5ulmin_pre_2_MMStack_Pos15.ome.tif,4714.580179033094,sd4,44563.836693259465
497.0,2.0,../../data/images/20170714_sd4_pre_5ulmin_0.018hz_shock/SD4_5ulmin_pre_2_MMStack_Pos15.ome.tif,4701.904405902175,sd4,42678.73456494903
287.0,3.0,../../data/images/20170714_sd4_pre_5ulmin_0.018hz_shock/SD4_5ulmin_pre_2_MMStack_Pos15.ome.tif,4636.0403786333645,sd4,53907.5239877383
271.0,4.0,../../data/images/20170714_sd4_pre_5ulmin_0.018hz_shock/SD4_5ulmin_pre_2_MMStack_Pos15.ome.tif,4684.155446552237,sd4,32681.230570058142
1070.0,5.0,../../data/images/20170714_sd4_pre_5ulmin_0.018hz_shock/SD4_5ulmin_pre_2_MMStack_Pos15.ome.tif,4689.6534612956075,sd4,62819.40874792384
403.0,6.0,../../data/images/20170714_sd4_pre_5ulmin_0.018hz_shock/SD4_5ulmin_pre_2_MMStack_Pos15.ome.tif,4735.676562663857,sd4,49975.33353148654
377.0,1.0,../../data/images/20170714_sd4_pre_5ulmin_0.018hz_shock/SD4_5ulmin_pre_2_MMStack_Pos4.ome.tif,4539.453010586934,sd4,42992.70922392097
497.0,2.0,../../data/images/20170714_sd4_pre_5ulmin_0.018hz_shock/SD4_5ulmin_pre_2_MMStack_Pos4.ome.tif,4480.008584337547,sd4,48313.78864706644
287.0,3.0,../../data/images/20170714_sd4_pre_5ulmin_0.018hz_shock/SD4_5ulmin_pre_2_MMStack_Pos4.ome.tif,4383.31291423567,sd4,37097.8462972792
271.0,4.0,../../data/images/20170714_sd4_pre_5ulmin_0.018hz_shock/SD4_5ulmin_pre_2_MMStack_Pos4.ome.tif,4468.470589813564,sd4,38626.01761706271
1070.0,5.0,../../data/images/20170714_sd4_pre_5ulmin_0.018hz_shock/SD4_5ulmin_pre_2_MMStack_Pos4.ome.tif,4498.190238380333,sd4,46981.67997285623
403.0,6.0,../../data/images/20170714_sd4_pre_5ulmin_0.018hz_shock/SD4_5ulmin_pre_2_MMStack_Pos4.ome.tif,4501.735921170736,sd4,37105.680322504086
377.0,1.0,../../data/images/20170714_sd4_pre_5ulmin_0.018hz_shock/SD4_5ulmin_pre_2_MMStack_Pos17.ome.tif,4589.315809217931,sd4,39251.384399143244
497.0,2.0,../../data/images/20170714_sd4_pre_5ulmin_0.018hz_shock/SD4_5ulmin_pre_2_MMStack_Pos17.ome.tif,4562.841530736431,sd4,35730.34936699231
287.0,3.0,../../data/images/20170714_sd4_pre_5ulmin_0.018hz_shock/SD4_5ulmin_pre_2_MMStack_Pos17.ome.tif,4598.06374742209,sd4,38942.757931991684
271.0,4.0,../../data/images/20170714_sd4_pre_5ulmin_0.018hz_shock/SD4_5ulmin_pre_2_MMStack_Pos17.ome.tif,4655.502223308811,sd4,34850.38263798618
1070.0,5.0,../../data/images/20170714_sd4_pre_5ulmin_0.018hz_shock/SD4_5ulmin_pre_2_MMStack_Pos17.ome.tif,4912.934405031414,sd4,285448.52361784485
403.0,6.0,../../data/images/20170714_sd4_pre_5ulmin_0.018hz_shock/SD4_5ulmin_pre_2_MMStack_Pos17.ome.tif,4707.08018730124,sd4,56843.54529556908
377.0,1.0,../../data/images/20170714_sd4_pre_5ulmin_0.018hz_shock/SD4_5ulmin_pre_2_MMStack_Pos16.ome.tif,4108.735420159414,sd4,43083.68689412425
497.0,2.0,../../data/images/20170714_sd4_pre_5ulmin_0.018hz_shock/SD4_5ulmin_pre_2_MMStack_Pos16.ome.tif,3780.3029606702185,sd4,37783.544718202684
287.0,3.0,../../data/images/20170714_sd4_pre_5ulmin_0.018hz_shock/SD4_5ulmin_pre_2_MMStack_Pos16.ome.tif,4410.757470650415,sd4,37417.060345744605
271.0,4.0,../../data/images/20170714_sd4_pre_5ulmin_0.018hz_shock/SD4_5ulmin_pre_2_MMStack_Pos16.ome.tif,3729.688695536254,sd4,43744.66470082048
1070.0,5.0,../../data/images/20170714_sd4_pre_5ulmin_0.018hz_shock/SD4_5ulmin_pre_2_MMStack_Pos16.ome.tif,4362.083343980487,sd4,42377.88454384162
403.0,6.0,../../data/images/20170714_sd4_pre_5ulmin_0.018hz_shock/SD4_5ulmin_pre_2_MMStack_Pos16.ome.tif,4380.165741553332,sd4,171204.28978205714
377.0,1.0,../../data/images/20170714_sd4_pre_5ulmin_0.018hz_shock/SD4_5ulmin_pre_2_MMStack_Pos5.ome.tif,3998.2787470988346,sd4,44708.25902542488
497.0,2.0,../../data/images/20170714_sd4_pre_5ulmin_0.018hz_shock/SD4_5ulmin_pre_2_MMStack_Pos5.ome.tif,4037.3641758072904,sd4,50436.54098679465
287.0,3.0,../../data/images/20170714_sd4_pre_5ulmin_0.018hz_shock/SD4_5ulmin_pre_2_MMStack_Pos5.ome.tif,4229.837675625965,sd4,37708.08240528642
271.0,4.0,../../data/images/20170714_sd4_pre_5ulmin_0.018hz_shock/SD4_5ulmin_pre_2_MMStack_Pos5.ome.tif,3863.149225635156,sd4,49972.64040181654
1070.0,5.0,../../data/images/20170714_sd4_pre_5ulmin_0.018hz_shock/SD4_5ulmin_pre_2_MMStack_Pos5.ome.tif,3938.076167307009,sd4,72373.97383640625
403.0,6.0,../../data/images/20170714_sd4_pre_5ulmin_0.018hz_shock/SD4_5ulmin_pre_2_MMStack_Pos5.ome.tif,4416.087143383622,sd4,45939.67135028644
